Date,Title,Content
2018-07-14 /이연정기자 leeyj@yeongnam.com,“홈캉스族 잡아라”…지역 유통업계‘休마케팅’경쟁 후끈,"주5일 근무제의 정착으로 캠핑이나 여행이 일상화되면서, 여름 휴가철엔 사람들이 붐비는 휴가지를 피해 집에서 휴식을 즐기려는 ‘홈캉스족’이 늘고 있다. 소소하지만 확실한 행복을 누린다는 뜻의 소확행 트렌드와 맞물리면서, 지역 유통업계들도 홈캉스족을 잡기 위해 다양한 아이템을 내놓고 있다.



大百 프라자점

에어서큘레이터·인견이불·아로마 인기

간편식 밀키트·오트밀 할인 판매



대구신세계百

커피머신‘네스프레소 버츄오’선봬

심신안정 도움 입욕제 50여종 구비



롯데百 대구점

침대처럼 편안한 리클라이너 소파

풍부한 사운드 ‘오라스튜디오2’ 판매



◆시원하게, 간편하게 즐기는 홈캉스 = 홈캉스를 즐기기 위해서는 에너지 효율 좋은 에어컨이 필수다. 삼성전자의 무풍 에어컨은 에너지 효율이 좋은 데다 수만 개의 마이크로홀을 통해 냉방하는 방식으로 차가운 바람이 몸에 직접 닿지 않는다. 수면모드로 설정 시 바람 소리가 거의 들리지 않아, 조용하고 쾌적한 홈캉스를 즐길 수 있다.



대구백화점 프라자점 삼성전자에서는 홈 멀티 에어컨(19형) 전시상품 최대 40% 할인과 파워건 무선청소기 증정 행사를 진행한다. 올 들어 선풍기를 밀어내고 압도적인 인기를 얻고 있는 에어서큘레이터도 홈캉스 필수품으로 손꼽힌다. 에어서큘레이터는 에어컨의 냉기를 집 안에 골고루 보내는 역할을 하는데, 최근에는 문제로 여겨지던 소음을 크게 줄인 제품들이 출시되고 있다.



대백프라자 리빙관은 다양한 국내·수입 에어서큘레이터 제품을 선보이고 있다. 스위스 제품인 ‘스타일리스 서큘레이터’는 DC모터를 사용해 저전력, 저소음의 청정 바람을 전한다. ‘카모메 서큘레이터’ 역시 나뭇잎이 흔들리는 소리(20㏈)보다 조용한 7.5㏈의 저소음이 특징이다.



또한 인견 이불은 차가운 감촉의 소재로 몸에 들러붙지 않아 숙면에 도움을 준다. 대백프라자 리빙관에서는 나라데코 큐브 홑이불(1만원), 클라르하임 몰린 홑이불(2만9천원)을 비롯해 대자리 할인 및 상품권 증정 행사를 진행 중이다.



아로마 제품으로 힐링을 만끽할 수도 있다. 대백프라자의 아로마·디퓨저 전문 매장 ‘플랜터스’에서 판매하는 에크나시아 바스 에센스는 물에 쉽게 섞이는 아로마 오일로, 전신욕 및 반신욕에 사용할 수 있다. 몸에 원기를 불어넣어주는 효과가 있어 컨디션 회복에 도움을 준다. 시트러스와 민트향이 섞인 ‘이지 디퓨저’와 족욕용 소금 ‘아로마 패디 솔트’ 등도 릴렉싱 효과를 주는 아로마 제품이다.



홈캉스 기간 간편하고 알차게 끼니를 해결하기 위해서는 밀키트(meal kit)와 오트밀 등을 활용할 수 있다. 특히 오트밀은 우유, 요거트에 섞어 먹거나 뜨거운 물을 부어 부드러운 죽으로도 먹을 수 있다. 대백프라자 식품관에서는 폰타나 파스타 밀키트, 플라하반 퀵오트 유기농 오트밀 등 다양한 식사대용 제품을 할인 판매한다.



떠먹는 컵피자, 육포, 팥빙수 등 간식거리와 와인도 빼놓을 수 없다. 식품관 주류코너에서는 14만원 상당의 프레스 비달 아이스 와인을 2만7천원, 8만원 상당의 꼬도르뉴 메디테라니아 아이스 카바를 1만8천원, 모스카토 다스티를 1만8천원에 판매하고 있다.



◆심신 안정 돕는 제품 눈길 = 대구신세계백화점도 홈캉스족을 위한 아이템을 선보이고 있다.



네스프레소 버츄오는 깊은 보디감의 커피를 집에서도 즐길 수 있는 커피머신이다. 기존의 압축 방식에서 나아가 캡슐 고유의 바코드를 읽어 회전추출시간, 속도, 온도까지 최적의 조건의 자동으로 맞춰 커피를 추출한다. 7층 네스프레소 매장에서는 버츄오 플러스 제품 팝업행사를 통해 5만원 할인하고 있다.



지하1층 푸드마켓에서 판매하는 쿠킹박스는 호텔이나 휴가지에서 먹는 요리를 집에서도 간단하게 만들어 먹을 수 있도록 한 밀키트 제품으로, 훈제오리월남쌈·쇠고기샤부샤부·블랙라벨스테이크·감바스·밀푀유나베·쇠고기고추잡채 등 다양한 메뉴로 구성돼있다.



심신의 안정을 위한 향기 가득한 제품도 인기다. 입욕제인 러쉬 배쓰밤은 더컴포터, 브라이트사이드, 빅블루 등 50여 종류의 향을 선택할 수 있다. 버닝윅스에서 판매하는 고체형 디퓨저 타블렛은 점화를 해야 하는 캔들의 번거로움을 보완한 제품으로, 향이 3개월 이상 지속된다. 마사지기 ‘브레오’는 눈, 목, 손, 무릎, 두피 등 다양한 부위를 마사지할 수 있는 소형 가전으로 휴가철 집에서 편리하게 셀프 관리할 수 있다.



이마트는 홈캉스족이 대부분 1인 가구라는 점을 겨냥해 ‘혼족 주방가전 7종’을 선보이고 있다.



바삭바삭 치즈줄줄 샌드위치 메이커, 하나만 먹어도 배부른 토스터, 카페인 충전 한잔 커피메이커, 파송송 계란탁 라면 포트(이상 1만9천800원), 커피와 토스트를 동시에 모닝메이커 입맛대로 한땀한땀 멀티그릴(이상 3만4천800원), 하나를 먹어도 제대로 오븐토스터(3만9천800원) 등이다.



정근영 이마트 만촌점 영업총괄은 “힐링, 충전을 위해 야외 활동보다 집에서 휴가를 즐기는 사람들이 늘어나면서, 그에 적합한 맞춤형 성능을 지닌 상품들이 속속 출시되고 있다”며 “가전뿐 아니라 생활용품 등에서도 휴가철 방콕족들을 위한 다양한 신제품 출시가 예상된다”고 말했다.



◆홈캉스족 수요 증가세 = 롯데백화점 대구점은 집에서 음악이나 영화를 감상할 때 유용한 아이템을 추천하고 있다. 편안한 소파에 앉아 풍부한 사운드로 감상하면 또 다른 분위기를 느낄 수 있다는 것.



레이지보이 매장에서 판매하는 리클라이너 소파는 등받이와 다리받침 부분을 따로 조절할 수 있어 침대처럼 사용할 수 있는 것이 특징이다. 프리미엄 스피커 전문매장 하만카돈에서 판매하는 ‘오라스튜디오2’ 스피커(33만원)는 어디서든 풍부한 음향을 들을 수 있는 360도 사운드 기능과 함께 무드 라이팅, 블루투스 기능을 탑재했다.



무더위와 열대야로 지친 몸을 풀어주는 보디제품도 인기다. 보디숍 매장에서 판매하는 아몬드 밀크 버블배스(400㎖)는 유기농꿀을 첨가해 민감하고 건조한 피부에 좋고, 온 가족이 사용할 수 있는 입욕제품이다. 라벤더 오일도 잠들기 전에 몸에 발라주면 피로감을 완화시켜 숙면하는 데 도움을 준다.



템퍼 매장에서는 집에서 휴식을 취할 때 유용하게 사용할 수 있는 베인쿠션(30만원)이 인기다. 특히 누워서 다리를 올려두면 부종을 빼는 데 효과가 있어 여성에게 인기가 많다.



강준호 롯데백화점 생활가전팀장은 “최근 휴가기간에 멀리 떠나는 여행보다 집에서 진정한 쉼을 즐기는 직장인들이 늘고 있다”며 “자신을 위한 휴식에 투자를 아끼지 않는 경향도 나타나고 있어, 홈캉스족이 차지하는 수요도 점점 늘고 있는 추세”라고 말했다.



이연정기자 leeyj@yeongnam.com"
2018-07-13 문수빈|기자,"한국야쿠르트, 영양과 맛까지 더한 전복죽·야채죽 선보여","[머니투데이 문수빈 기자] 한국야쿠르트는 신선한 식재료의 영양과 맛이 살아 있는 간편식 잇츠온 전복죽과 야채죽 2종을 선보인다고 13일 밝혔다.

고소하고 담백한 풍미가 가득한 전복죽은 몸에 좋은 전복과 새송이버섯, 표고버섯을 넣어 건강함과 식재료의 식감을 최대한 살렸다. 야채죽은 당근, 감자, 새송이 버섯, 청경채, 양배추 등 엄선한 5가지 야채를 사용해 만들었다.

전복죽과 야채죽 모두 식이섬유가 풍부한 귀리와 현미, 백미, 찹쌀 등 곡류 4가지를 함께 갈아 넣어 간편하면서도 든든한 한 끼로 손색이 없다는 평가다.

또한 재료 본연의 맛을 그대로 담아내기 위해 스팀 살균처리했다. 마치 집에서 직접 끓인 죽처럼 맛과 원물이 살아있으며 유통기한이 20일로 짧은 것도 그 이유다.

한국야쿠르트는 샐러드 제품도 새롭게 선보였다. 신선한 5가지 야채와 크랜베리, 파인애플, 아몬드, 렌틸콩, 올리브를 한번에 즐길 수 있는 '리코타치즈 그린키트 아몬드&렌틸콩'과 '닭가슴살 그린키트 아몬드&병아리콩' 샐러드 2종이다.

롯데와 손잡고 오트밀 시리얼 제품 2종도 판매 중이다. 퀘이커 오트밀 멀티그레인과 퀘이커 오트밀 머쉬룸크림을 야쿠르트 아줌마를 통해 만날 수 있다.

한국야쿠르트는 죽, 샐러드, 오트밀 시리얼 등을 선보이며 아침식사대용식 사업을 강화하고 있다. 발효유와 함께 먹으면 좋은 제품으로 기존 발효유 사업과의 시너지를 높이겠다는 전략이다.

김동주 한국야쿠르트 마케팅이사는 ""지난해 간편식 사업을 시작하며 집에서도 손쉽게 요리해 먹을 수 있는 밀키트 제품군을 선도적으로 선보였다""며 ""아침식사대용식도 보다 건강하고 보다 신선한 콘셉트를 추구하는 제품으로 확대하겠다""고 밝혔다."
2018-07-13 김영권,[yes+ Food] 띵동~ 힘이 불끈 솟는 보양식 왔습니다!,"식당 들어가려 뙤약볕 속 긴 줄 서기 '이제 그만'
이커머스 통하면 닭, 오리, 장어, 전복, 낙지 등
다양한 보양식을 주문 당일 집에서 즐길 수 있어






















많은 비를 뿌리던 장마가 소강상태를 보이고 본격적인 여름 찜통 더위가 찾아 오면서 벌써부터 입맛이 떨어지고 기운이 빠지는 사람들이 늘고 있다.

그리고 마치 예상이라도 한듯이 이런 때에 맞춰서 오는 17일 초복을 시작으로 여름철 떨어지는 기력을 찾기 위해 보양식을 먹는 '복날'이 예정돼 있다. 특히 최근에는 식당에 들어가기 위해 여름 뙤약볕에서 긴 줄을 서며 마냥 차례를 기다리기 보다는 이키머스를 통해 집에서 편하게 보양식을 즐기는 사람들이 크게 늘고 있다.

■고단백 보양식 매출 '껑충'

12일 이커머스업계에 따르면 최근 해산물, 고기류 등 보양식 재료는 물론 가정간편식(HMR) 메뉴 판매량이 크게 증가하고 있다.

최근 한달간 G마켓에서 주꾸미.낚지볶음 판매량은 전년동기대비 무려 451%가 급증했다. 수입소고기(93%)와 국내산 돼지고기(55%), 닭고기.계란(43%) 등도 높은 상승률을 나타냈다.

간편하게 조리해 먹을 수 있으면서도 신선하고 열량은 낮은 음식을 선호하는 이들이 많아지면서 인기 보양식 제품도 바뀌고 있다.

SK플래닛 11번가에서 지난 5년간 닭, 오리, 장어, 전복, 낙지 등 5대 보양식의 7~8월 거래추이를 살펴본 결과 2013년 대비 2017년 거래액이 가장 많이 뛴 제품은 전복으로 7배가 넘는 676%가 증가했다. 장어는 4배가 넘는 312%, 닭은 134% 매출이 뛰었다.

티몬의 경우 지난 5일부터 11일까지 최근 일주일간 삼계탕, 장어, 전복, 한우 등 보양식으로 꼽히는 상품들을 살펴본 결과 한우매출이 보양식의 58%로 가장 많았다.

뒤이어 최근 가격이 내린 전복이 22%로 두 번째를 차지했고, 대표적인 보양식인 삼계탕은 11%로 세 번째에 올랐다. 장어는 9%의 비중을 보였다.

임석훈 티몬 리빙본부장은 ""과거에는 복날이 여름을 이겨내기 위해 단백질을 섭취하는 전통적인 의미였다""면서 ""최근에는 상징적인 의미로 특별한 음식을 섭취하는 날로 인식이 변화하고 있는 것으로 보인다""고 말했다.

이같이 이커머스를 통해 보양식을 구매하는 경우 무엇보다 제품의 신선도를 살펴보는게 중요하다. 산지 직송 식품인지, 배송시 문제는 없는지 등을 상품평을 잘 살펴보고 구매하는게 유리하다는 설명이다.

백민석 G마켓 마트실 실장은 ""검증을 거쳐 산지에서 직송되는 제품인지, 배송 시에 문제는 없는지 상품평 등을 잘 살펴보고 구매하는 것이 좋다""면서 ""최근에는 간단한 조리 과정만 거치면 완성되는 밀키트 제품들도 추천한다""고 말했다.

■이커머스 초복 프로모션 잇따라

이커머스들은 다양한 기획전을 통해 보양식을 찾는 소비자들을 끌어들이고 있다.

11번가는 오는 15일까지 '초복 미리준비' 기획전을 진행하고 신선식품 소싱력이 우수한 NS홈쇼핑과 함께 닭고기 전문기업 하림의 대표제품들을 마련했다. 또한 11번가에 입점한 유통사 중 당일 배송서비스가 가능한 홈플러스와 GS프레시의 초복 상품도 마련해 고객들이 보양식을 주문한 당일 맛볼 수 있도록 했다.

티몬은 생필품 최저가 쇼핑채널인 슈퍼마트를 통해 한우 등심 1+등급(300g)을 1만8000원에 판매하고 있다. 전복은 1kg(대, 14~15미)을 2만8000원에 선보인다.

롯데닷컴은 오는 22일까지 '기력 보충! 여름철 보양식 대전'을 진행한다.

이 기간 롯데닷컴은 닭.한우.사골.우족.전복.장어 등 보양식 재료와 함께 삼계탕.갈비탕.추어탕 등 데우기만 하면 즐길 수 있는 가정간편식 제품과 홍삼류와 같은 건강기능식품까지 판매한다

노민정 롯데닷컴 식품팀 MD는 ""지난 상반기 매출을 보면 어느해 보다도 즉석탕류 파우치 매출이 높았다""며 ""이번 복날에도 역시 파우치 형태로 나오는 즉석탕류 수요가 가장 높을 것으로 예상하고 있다""고 설명했다.

kim091@fnnews.com 김영권 기자"
2018-07-11 박진영|기자|,'新유통 도전장' GS리테일…편의점업계 온라인·식품 투자 '박차',"[머니투데이 박진영 기자] [美 이커머스 유기농 기업 '스라이브 마켓' 330억원 지분 취득…CU도 '헬로네이처' 투자 ]

편의점, SSM(슈퍼수퍼마켓) H&B(헬스앤드뷰티)스토어 등을 운영하는 GS리테일이 미국 온라인 유기농 기업에 '베팅'했다. 오프라인 유통업계 성장세가 둔화될 것으로 전망되는 가운데 온라인, 프리미엄 식품, 배송 역량을 키우고 미래 경쟁력을 강화하기 위해서다. 최근 유통업계가 잇따라 프리미엄 식품브랜드를 개발, 영입하고 새벽배송에 도전하는 것과 같은 맥락에서다.

GS리테일은 지난 10일 미국의 온라인 유기농 기업 '스라이브 마켓'(Thrive Market, Inc)의 주식을 약 330억원에 취득하는 지분투자 계약을 체결했다고 11일 밝혔다.

스라이브 마켓은 유료 멤버십 기반의 유기농 친환경 상품을 합리적인 가격에 판매하는 이커머스 기업으로 2015년 7월에 설립됐다. 연회비(60달러)를 지불한 멤버십 고객에게 미국 내 오프라인 유통업체의 유기농 상품 대비 25~50% 알뜰하게 제공하는 방식이다.

스라이브 마켓은 올해 매출 2000억원을 달성할 것으로 예상된다. 기존에 없었던 새로운 사업 모델이 호응을 얻으며 설립 후 연평균 40% 이상의 매출 신장률을 달성하고 있으며, 올 상반기도 53% 매출 신장했다.
미국 캘리포니아주에 위치한 스라이브마켓 내부 상품 진열 모습 /사진제공=GS리테일
이번 거래는 GS리테일의 첫 해외투자다. 스라이브 마켓의 우수한 유기농 친환경 상품을 도입하고 자사를 'Retail company'(소매유통 기업)가 아닌 'Tech company'(기술 기업)로 진단할 정도로 강점을 지닌 데이터 분석 기법을 벤치마킹해 미래 경쟁력을 강화하는 것이 이번 투자의 가장 큰 목적이다. 또 스라이브 마켓이 지속 성장하며 투자 수익도 기대된다는 설명이다.

정춘호 GS리테일 전략부문장은 ""국내에는 없는 차별화된 사업 모델로 성장이 예상되는 스라이브 마켓에 전략적 투자를 했다""며 ""편의점, 수퍼마켓 등 기존 사업과 시너지 창출은 물론 향후 투자 수익까지 확보할 수 있어 성공적인 투자가 될 것으로 확신하고 있다""고 말했다.

GS리테일은 스라이브 마켓의 유기농 친환경 상품을 GS25는 물론 GS수퍼마켓, GS fresh, 랄라블라 등 자사 다수 채널에 판매할 계획이다.

최근 GS리테일을 비롯, 편의점업계는 온·오프라인을 아우르는 신유통으로의 체질개선을 위해 다양한 투자를 진행하고 있다. GS리테일은 글로벌 시장에서 원재료를 손질, 포장해 판매하는 '밀키트'(Meal kit) 시장 성장에 주목해 자체 사업 '심플리쿡'을 론칭하기도 했다.

편의점 CU를 운영하는 BGF도 이달 프리미엄 식품 및 온라인 역량 강화를 위해 유기농 친환경 제품을 새벽배송하는 국내기업 '헬로네이처'에 투자를 결정했다.

헬로네이처는 SK플래닛의 자회사로 BGF 50.1%, SK플래닛 49.9% 지분을 갖고 합작법인 형태로 운영키로 했다. SK텔레콤의 정보통신기술(ICT) 역량, SK플래닛의 온라인 역량을 살려 나간다는 방침이다."
2018-07-11 박성준,"GS리테일, 美 온라인 유기농 기업에 330억원 지분투자","미국 캘리포니아주에 위치한 스라이브마켓 본사 내부 모습. 스라이브 마켓은 모든 사람들이 보편적이고 쉽게 건강한 삶을 누릴 수 있게 하는 것을 회사의 미션으로 삼고 있다(벽에 새겨진 글씨 내용) [사진= GS리테일 제공]


GS리테일이 미국 온라인 유기농 기업 ‘Thrive Market, Inc’(이하 스라이브 마켓)에 약 330억원(USD 3000만$, 1$ = 1100원)의 지분투자를 진행한다.

GS리테일은 지난 10일 미국의 온라인 유기농 기업 스라이브 마켓의 주식을 약 330억원에 취득하는 투자 계약을 체결했다고 11일 밝혔다. 스라이브 마켓은 유료 멤버십 기반의 친환경 상품을 판매하는 이커머스(e-commerce)기업이다. 이 회사는 2015년 7월에 설립됐다.

GS리테일은 이달 20일께 주식 취득 확인서를 수취함으로써 계약을 마무리지을 예정이다. 이는 GS리테일이 진행한 최초의 해외투자다.

GS리테일은 그동안 현재 사업과의 시너지 창출을 위해 선진 유통업체에 지속적인 관심을 기울여 왔다.

그 결과 미국에서 새로운 식문화로 성장하고 있는 밀키트(MEAL KIT) 시장을 확인, 자체 론칭한 심플리쿡에 이어 새로운 온라인 유기농 사업으로 급성장하고 있는 스라이브 마켓에 투자를 결정하게 됐다.

이번 투자를 시작으로 추가적인 업무 협약을 통해 스라이브 마켓의 우수한 유기농(친환경) 상품을 도입하고 데이터 분석 기법을 벤치마킹한다는 계획이다. 또한 GS리테일은 스라이브 마켓이 지속 성장할 것으로 예상됨에 따라 투자 수익도 기대하고 있다.

GS리테일은 향후 GS25, GS수퍼마켓, GS fresh, 랄라블라 등을 통해 스라이브 마켓의 다양한 유기농(친환경) 상품을 판매할 계획이다.

정춘호 GS리테일 전략부문장은 “GS리테일이 국내에는 없는 차별화 된 사업 모델로 성장이 예상되는 스라이브 마켓에 전략적인 투자를 진행하게 됐다”며 “편의점, 수퍼마켓 등 기존 사업과의 시너지 창출과 향후 투자 수익까지 확보할 수 있을 것으로 기대됨에 따라 성공적인 투자가 될 것으로 확신하고 있다”고 말했다.
박성준 기자 kinzi312@ajunews.com"
2018-07-11 이혜미 기자,"GS리테일, 유기농상품 유통강자로 거듭난다","美 ‘스라이브 마켓’에 330억 투자
우수상품 편의점 등 공급 확대

GS리테일이 운영하는 유통점 GS수퍼마켓과 GS25 등에 유기농(친환경) 상품군이 더욱 확대될 전망이다.

GS리테일은 지난 10일 미국 온라인 유기농 기업 ‘스라이브 마켓(Thrive Market, Inc)’에 약 330억원(3000만 달러) 지분 투자를 단행했다고 11일 밝혔다. 이번 주식 취득 건은 GS리테일이 최초로 해외 기업에 투자했다는 점에서 의미가 크다고 GS리테일 관계자는 설명했다.

GS리테일은 그간 선진 유통업체에 지속적인 관심을 보여왔다. 이에 따라 밀키트 시장이 미국에서 새로운 식문화로 성장하고 있다는 점에 착안, ‘심플리쿡’을 지난해 말 론칭했다. 그 일환으로 이번엔 온라인 유기농 사업으로 급성장 중인 스라이브 마켓에 투자를 결정한 것이다.

이번 투자를 시작으로 추가적인 업무 협약을 통해 스라이브 마켓의 우수한 유기농 상품을 도입할 계획이다. 아울러 데이터 분석 기법도 벤치마킹해 GS리테일의 경쟁력을 키운다는 방침이다.

GS리테일은 향후 GS25, GS수퍼마켓, GS 프레시, 랄라블라 등에 스라이브 마켓의 다양한 상품을 선보이면서 유기농 분야 유통 강자로 자리매김할 것으로 기대하고 있다.

정춘호 GS리테일 전략부문장은 “편의점, 수퍼마켓 등 기존 사업과의 시너지 창출과 향후 투자 수익까지 확보할 수 있을 것으로 기대됨에 따라 성공적인 투자가 될 것으로 확신하고 있다”고 했다.

한편 스라이브 마켓은 유료 멤버십 기반으로 유기농 상품을 저렴하게 판매하는 온라인 전자상거래기업이다. 연 회비 60달러를 지불한 멤버십 고객에게 미국 내 오프라인 유통업체보다 25~50% 저렴한 가격에 유기농 상품을 제공하고 있다. 

이혜미 기자/ham@"
2018-07-11 이혜미 기자,"GS리테일, 美 유기농 기업에 330억원 지분투자","미국 캘리포니아주에 위치한 스라이브마켓 내부 상품 진열장 앞에서 직원이 포즈를 취하고 있다. [제공=GS리테일]
-유기농 상품 도입ㆍ스타트업 문화 벤치마킹 등 목적

[헤럴드경제=이혜미 기자] GS리테일이 운영하는 유통점 GS수퍼마켓과 GS25 등에 유기농(친환경) 상품군이 더욱 확대될 전망이다.

GS리테일은 지난 10일 미국 온라인 유기농 기업 ‘스라이브 마켓(Thrive Market, Inc)’에 약 330억원(3000만 달러) 지분 투자를 단행했다고 밝혔다.

이번 주식 취득 건은 GS리테일이 최초로 해외 기업에 투자했다는 점에서 의미가 크다고 GS리테일 관계자는 설명했다.

GS리테일은 그간 선진 유통업체에 지속적인 관심을 보여왔다. 이에 따라 밀키트 시장이 미국에서 새로운 식문화로 성장하고 있다는 점에 착안, ‘심플리쿡’을 지난해 말 론칭했다. 그 일환으로 이번엔 온라인 유기농 사업으로 급성장 중인 스라이브 마켓에 투자를 결정한 것이다.

이번 투자를 시작으로 추가적인 업무 협약을 통해 스라이브 마켓의 우수한 유기농 상품을 도입할 계획이다. 아울러 데이터 분석 기법도 벤치마킹해 GS리테일의 경쟁력을 키운다는 방침이다.

GS리테일은 향후 GS25, GS수퍼마켓, GS 프레시, 랄라블라 등에 스라이브 마켓의 다양한 상품을 선보이면서 유기농 분야 유통 강자로 자리매김할 것으로 기대하고 있다.

정춘호 GS리테일 전략부문장은 “편의점, 수퍼마켓 등 기존 사업과의 시너지 창출과 향후 투자 수익까지 확보할 수 있을 것으로 기대됨에 따라 성공적인 투자가 될 것으로 확신하고 있다”고 했다.

한편 스라이브 마켓은 유료 멤버십 기반으로 유기농 상품을 저렴하게 판매하는 온라인 전자상거래기업이다. 연 회비 60달러를 지불한 멤버십 고객에게 미국 내 오프라인 유통업체보다 25~50% 저렴한 가격에 유기농 상품을 제공하고 있다.

ham@heraldcorp.com"
2018-07-11 지연진,"GS리테일, 美 온라인 유기농 기업에 300억원 지분 투자","[아시아경제 지연진 기자] 편의점 GS25를 운영하는 GS리테일이 미국 온라인 유기농 기업에 300억원 이상을 투자했다. 첫 해외기업에 대한 투자다. 11일 GS리테일은 전날 미국의 스라이브마켓(Thrive Market, Inc)의 주식을 330억원에 취득하는 투자계약을 체결했다고 밝혔다. 이달 20일 GS리테일이 주식 취득 확인서를 받으면 계약은 만료된다.스라이브 마켓은 유료 멤버십 기반의 유기농상품을 알뜰한 가격으로 판매하는 미국 이커머스 기업으로 2015년 7월에 설립됐다. 연 회비(USD 60$)를 지불한 멤버십 고객에게 미국 내 오프라인 유통업체의 유기농(친환경)상품 대비25~50% 알뜰하게 제공하는 차별화 된 사업모델을 구축했다.기존에 없었던 새로운 사업 모델은 큰 호응을 얻으며 설립 후 연평균 40% 이상의 매출 증가율을 나타내고 있으며, 올해 역시 상반기 기준 53%의 매출 신장율을 기록하고 있다. 스라이브 마켓은 올해 매출 2000억원을 무난히 달성할 수 있을 것으로 예상하고 있다.미국에서 새로운 식문화로 성장하고 있는 밀키트(MEAL KIT) 시장을 확인하고 자체 론칭한 심플리쿡에 이어 새로운 온라인 유기농 사업으로 급성장하고 있는 스라이브 마켓에 투자를 결정하게 됐다는 것이 회사 측 설명이다.GS리테일은 이번 투자를 시작으로 추가적인 업무 협약을 통해 스라이브 마켓의 우수한 유기농(친환경) 상품을 도입하고, 데이터 분석 기법을 벤치마킹해 경쟁력을 강화한다는 계획이다. 또 투자 수익도 늘어날 것으로 예상하고 있다. GS리테일은 향후 GS25, GS수퍼마켓, GS fresh, 랄라블라 등을 통해 스라이브 마켓의 다양한 유기농(친환경) 상품을 판매해 대한민국 유기농(친횐경) 상품 유통 강자로 자리매김 할 수 있을 것으로 기대하고 있다. 정춘호 GS리테일 전략부문장은 “GS리테일이 국내에는 없는 차별화 된 사업 모델로 성장이 예상되는 스라이브 마켓에 전략적인 투자를 진행하게 됐다”며 “편의점, 수퍼마켓 등 기존 사업과의 시너지 창출과 향후 투자 수익까지 확보할 수 있을 것으로 기대됨에 따라 성공적인 투자가 될 것으로 확신하고 있다”고 말했다.지연진 기자 gyj@asiae.co.kr"
2018-07-11 이주현,"GS리테일, 美 온라인 유기농 기업에 330억 지분투자","GS리테일이 최초로 해외 기업에 3000만달러(약 330억원) 지분투자를 진행한다.

GS리테일은 10일 미국 온라인 유기농 기업 '스라이브 마켓' 주식을 약 330억원에 취득하는 투자 계약을 체결했다. GS리테일이 이달 20일경 주식 취득 확인서를 수취함으로써 계약이 완료될 예정이다.

GS리테일은 그동안 현재 사업과의 시너지 창출을 위해 선진 유통업체에 지속적인 관심을 기울여 왔다. 그 결과 미국에서 새로운 식문화로 성장하고 있는 '밀키트' 시장을 확인하고 자체 론칭한 심플리쿡에 이어, 새로운 온라인 유기농 사업으로 급성장하고 있는 스라이브 마켓에 투자를 결정하게 됐다.

이번 투자를 시작으로 추가적인 업무 협약을 통해 스라이브 마켓의 우수한 유기농(친환경) 상품을 도입하고 데이터 분석 기법을 벤치마킹 함으로써 GS리테일의 경쟁력 강화하는 것이 이번 투자의 가장 큰 이유다. GS리테일은 스라이브 마켓이 지속 성장할 것으로 예상됨에 따라 투자 수익도 늘어날 것으로 예상하고 있다.


GS리테일은 향후 GS25, GS수퍼마켓, GS fresh, 랄라블라 등을 통해 스라이브 마켓의 다양한 유기농(친환경) 상품을 판매함으로써 대한민국 유기농(친횐경) 상품 유통 강자로 자리매김 할 수 있을 것으로 기대하고 있다.

정춘호 GS리테일 전략부문장은 “GS리테일이 국내에는 없는 차별화 된 사업 모델로 성장이 예상되는 스라이브 마켓에 전략적인 투자를 진행하게 됐다”며 “편의점, 수퍼마켓 등 기존 사업과의 시너지 창출과 향후 투자 수익까지 확보할 수 있을 것으로 기대됨에 따라 성공적인 투자가 될 것으로 확신하고 있다”고 말했다.

이주현 유통 전문기자 jhjh13@etnews.com"
2018-07-10 이혜미 기자,휴가지에서 유명 셰프 요리를…몸값 높아진 캠핑동반자 ‘밀키트’,"현대백화점 밀키트 연출 컷. [제공=현대백화점]
번거로운 준비·쓰레기 줄어
GS는 하루 판매량 3.5배 ?

#. 직장인 김진석(32ㆍ남) 씨는 지난 주말 아내와 캠핑을 떠나면서 처음으로 ‘밀키트(Meal kit)’를 이용했다. 장을 보고 조리도구를 챙길 여유가 없었던 탓이다. 평소 고기와 쌈채소 등을 준비해가면 남은 재료를 버리고 오는 경우가 많아 아깝기도 했다. 반조리된 목살 스테이크와 야끼우동을 2만원 조금 넘는 가격에 구입했다. 숯불에 구워먹는 것보다 맛과 재미는 덜했지만 봉투를 뜯어 그대로 굽거나 볶기만 하면 돼 간편했다.

10일 업계에 따르면 바쁜 1~2인가구에게 인기인 ‘밀키트’가 여름 바캉스시즌에 접어들면서 그 수요가 더 늘고 있다. 밀키트는 밑손질이 끝난 식재료와 양념을 넣고 끓이기만 하면 되는 가정간편식의 일종이다.

현대백화점 밀키트 ‘셰프박스’의 6월 판매량은 2500개로, 전달인 5월보다 500개 더 늘었다. 캠핑족이나 이른 휴가에 나선 소비자들 사이에서 수요가 증가한 효과로 풀이된다. 특히 판매량의 절반 가량이 주말 캠핑을 위해 장을 보는 시간대인 금요일 저녁시간(오후 5시 이후)과 토요일 오전(오후 12시 이전)에 이뤄졌다. 구매 고객의 90%는 한 번에 2종 이상 사갔다.

현대백화점 관계자는 “밀키트만 구매하면 따로 캠핑 전 따로 장을 볼 필요도 없고 재료 손질의 번거로움도 없어 캠핑족에게 인기를 끌고 있는 것으로 보인다”고 했다.

GS리테일의 밀키트 ‘심플리쿡’도 나들이철을 지나 여름휴가철에 접어들면서 판매량이 상승세다.

출시 초기인 올해 1월께만 해도 하루 평균 판매량이 200여개 수준이던 것이 이달 들어 하루 700개 이상으로 3.5배 증가했다. 하루 최대 2000개까지 판매하는 기록도 세웠다. 최근 판매 호조에 힘입어 심플리쿡은 출시 7개월여 만에 누적 판매량 13만개를 돌파했다.

심플리쿡의 성장세는 GS리테일이 상품 종류와 판매 채널을 확대하고 있는 데 따른 것이기도 하다. 최초 16종으로 시작한 메뉴는 최근 40여종까지 늘었다. 한식부터 아시안 푸드, 웨스턴 푸드까지 다양하다. 이달 안으로 50여종까지 메뉴를 확대할 계획이다. 판매처도 자사 온라인 쇼핑몰 ‘GS프레시’ 등 내부 채널을 넘어 티몬, 11번가 등 오픈마켓까지 넓혔다.

NS홈쇼핑은 밀키트 전문업체 ‘프레시지’의 상품을 이달 중 출시하며 여름 휴가철 수요 잡기에 나선다. 프레시지의 대표 상품인 ‘블랙라벨스테이크’는 가성비(가격 대비 성능)로 입소문이 나면서 캠핑족 등에게 인기를 끌 것으로 보인다.

NS홈쇼핑 관계자는 “본격적인 여름 휴가철에 접어들면서 야외에서도 간편하게 고급 식단을 즐길 수 있는 밀키트 판매량이 늘 것으로 예상된다”고 했다.

이혜미 기자/ham@heraldcorp.com"
2018-07-10 이혜미 기자,유명 셰프 요리를 어디서나…휴가철에 몸값 더 높아진 ‘밀키트’,"바쁜 1~2인가구에게 인기인 반조리식품 ‘밀키트’가 여름 바캉스 시즌이 시작되면서 그 수요가 더 늘고 있다. 사진은 현대백화점 밀키트 연출 컷. [제공=현대백화점]
-반조리식 ‘밀키트’, 바캉스 시즌 시작되며 수요 늘어
-현대百 전달보다 500개 ↑…GS 일 판매량 3.5배 증가
-재료손질 편리해 인기…본격적 여름휴가철에 몸값↑

[헤럴드경제=이혜미 기자] #. 직장인 김진석(32ㆍ남) 씨는 지난 주말 아내와 캠핑을 떠나면서 처음으로 ‘밀키트(Meal kit)’를 이용했다. 장을 보고 조리도구를 챙길 여유가 없었던 탓이다. 평소 고기와 쌈채소 등을 준비해가면 남은 재료를 버리고 오는 경우가 많아 아깝기도 했다. 반조리된 목살 스테이크와 야끼우동을 2만원 조금 넘는 가격에 구입했다. 숯불에 구워먹는 것보다 맛과 재미는 덜했지만 봉투를 뜯어 그대로 굽거나 볶기만 하면 돼 간편했다.

10일 업계에 따르면 바쁜 1~2인가구에게 인기인 ‘밀키트’가 여름 바캉스시즌에 접어들면서 그 수요가 더 늘고 있다. 밀키트는 밑손질이 끝난 식재료와 양념을 넣고 끓이기만 하면 되는 가정간편식의 일종이다.

현대백화점 밀키트 ‘셰프박스’의 6월 판매량은 2500개로, 전달인 5월보다 500개 더 늘었다. 캠핑족이나 이른 휴가에 나선 소비자들 사이에서 수요가 증가한 효과로 풀이된다. 특히 판매량의 절반 가량이 주말 캠핑을 위해 장을 보는 시간대인 금요일 저녁시간(오후 5시 이후)과 토요일 오전(오후 12시 이전)에 이뤄졌다. 구매 고객의 90%는 한 번에 2종 이상 사갔다.

현대백화점 관계자는 “밀키트만 구매하면 따로 캠핑 전 따로 장을 볼 필요도 없고 재료 손질의 번거로움도 없어 캠핑족에게 인기를 끌고 있는 것으로 보인다”고 했다.

GS리테일의 밀키트 ‘심플리쿡’도 나들이철을 지나 여름휴가철에 접어들면서 판매량이 상승세다.

출시 초기인 올해 1월께만 해도 하루 평균 판매량이 200여개 수준이던 것이 이달 들어 하루 700개 이상으로 3.5배 증가했다. 하루 최대 2000개까지 판매하는 기록도 세웠다. 최근 판매 호조에 힘입어 심플리쿡은 출시 7개월여 만에 누적 판매량 13만개를 돌파했다.

심플리쿡의 성장세는 GS리테일이 상품 종류와 판매 채널을 확대하고 있는 데 따른 것이기도 하다. 최초 16종으로 시작한 메뉴는 최근 40여종까지 늘었다. 한식부터 아시안 푸드, 웨스턴 푸드까지 다양하다. 이달 안으로 50여종까지 메뉴를 확대할 계획이다. 판매처도 자사 온라인 쇼핑몰 ‘GS프레시’ 등 내부 채널을 넘어 티몬, 11번가 등 오픈마켓까지 넓혔다.

GS리테일은 다수 기업이 밀키트 시장에 진출해 시장이 커지면서 향후 성장 가능성이 더욱 높을 것으로 예상하고 있다. 따라서 스마트폰 앱에서 심플리쿡을 주문하고 GS25 오프라인 점포에서 픽업하는 등 차별화 배송 서비스에 주력할 방침이다.

NS홈쇼핑은 밀키트 전문업체 ‘프레시지’의 상품을 이달 중 출시하며 여름 휴가철 수요 잡기에 나선다. 프레시지의 대표 상품인 ‘블랙라벨스테이크’는 가성비(가격 대비 성능)로 입소문이 나면서 캠핑족 등에게 인기를 끌 것으로 보인다.

NS홈쇼핑 관계자는 “본격적인 여름 휴가철에 접어들면서 야외에서도 간편하게 고급 식단을 즐길 수 있는 밀키트 판매량이 늘 것으로 예상된다”며 “특히 밀키트는 조리과정 설명이 중요하다는 점에서 조리 시연과 스토리텔링이 가능한 TV홈쇼핑 채널을 통한 판매 효과가 클 것으로 기대된다”고 했다.

ham@heraldcorp.com"
2018-07-06 나건웅,"""넌 빨래방 가니? 난 멀티숍 간다"" 세탁창업 새 트렌드","[창업직썰 - 어디서도 듣지 못하는 자영업 이야기-4] 1인 가구와 맞벌이 부부가 늘어나면서 '가사(家事)의 외주화'가 빠른 속도로 진행하고 있습니다. 가사의 외주화? 생소한 표현일 수 있겠네요. 쉽게 말해 집안일을 직접하지 않고 외부 업체에 돈을 주고 맡기는 사람이 많아지고 있다는 얘기입니다.
요리, 청소, 육아, 빨래…참 끝도 없는 게 집안일이죠. 어떤 식으로 외주화되고 있는지 하나씩 살펴볼까요. 요리는 가정간편식(HMR)으로 대체되는 분위기입니다. 요새는 요리하는 재미도 살린 '밀키트'도 인기죠. 청소도 O2O 대행업체가 우후죽순 늘어나고 있고 육아는 어린이집과 베이비시터를 활용한 지 오래됐습니다. 빨래 역시 세탁소를 많이 이용하죠.
몸은 지치고 마음은 바쁘니. 어쩔 수 없이 집안일을 맡기긴 하지만 꺼림칙한 면도 없지 않습니다. 이러니저러니 해도 식사는 역시 집밥이 최고. 아이도 남에게 맡겨놓으면 불안불안한 게 사실이죠. 청소도 마찬가지. 남이 내 집에 들어온다는 게 괜시리 불편하고 물건 하나 없어지기라도 하면 의심부터 생기지요. (물론 며칠 뒤에 '어랏'하고 발견되곤 합니다만) 여러모로 가사 외주화가 꼭 바람직한 방향인지는 의문입니다. 편리하긴 하지만 비용도 만만찮고, 식구들이 식사나 일을 함께하면서 정서를 순화하는 가정 고유 기능이 약해지는 부작용도 있죠.
하지만 빨래는 다릅니다. 부작용이 확실히 덜합니다. 빨래야 내가 하든 남이 해주든 깨끗하기만 하면 되니 마음 찜찜할 일도 없고요. 아니, 오히려 세탁소 빨래가 더 깔끔하게 느껴질 때도 많습니다. 여러 집안일 중에서 앞으로도 빨래 외주화가 더욱 활발히 일어날 것으로 기대되는 이유입니다. 더욱이 요즘은 기후변화로 세탁소 이용이 더 늘어나는 추세입니다. 가령 지난겨울에는 역대급 한파로 세탁기 동파 사고가 잇따르면서 코인빨래방 문앞에 사람들이 장사진을 치는 일도 비일비재했고요. 미세먼지가 기승을 부리는 봄에는 베란다에 빨래를 널어놓는 게 찜찜한 탓에 건조기가 있는 코인빨래방을 많이 찾게 됩니다.
세탁소 사업은 시대가 변하면서 그 모습을 계속 바꾸고 있습니다. 과거에는 세탁소 주인이 직접 매장에서 세탁하고 다림질까지 하는 독립 창업 모델이 대부분이었죠. 그러다 2000년대 들어 독립 세탁소 대신 프랜차이즈 형태 '세탁편의점'이 유행하기 시작했습니다. 매장에선 옷을 보관만 하고 실제 빨래는 본사에서 해서 갖다주는 방식이죠. 좀 더 시간이 흘러 '코인빨래방'이 대세로 떠올랐습니다. 동전만 있으면 누구나 간편하게 빨래를 할 수 있게 됐죠.
최근에 또 한 번 세탁소 패러다임이 바뀌는 모습입니다. 세탁편의점과 코인빨래방을 병행하는 '멀티숍' 모델이 각광받고 있는데요. 세탁 프랜차이즈업계 1위인 크린토피아에 따르면 최근 자사 멀티숍이 600호점을 돌파했습니다. 올해 출점 목표 점포 수가 270개인데 그중 멀티숍이 170개로 60% 이상을 차지합니다. 나머지는 기존 세탁편의점과 무인빨래방이고요. 예전에는 따로 출점하던 세탁편의점과 코인빨래방을 요새는 하나의 매장으로 출점한다는 얘기입니다. 일종의 복합매장 개념이죠.
멀티숍은 요즘 세탁소 창업 대세라고 할 수 있습니다. 재밌는 건 이런 멀티숍 모델이 유독 우리나라에서만 인기를 끌고 있다는 사실입니다. 미국, 중국, 일본, 홍콩 어디를 가봐도 그냥 독립 세탁소 아니면 코인빨래방 위주이지 우리나라처럼 멀티숍 모델이 급증하고 있는 나라는 없습니다.
배경에는 한국 시장만의 특수성이 숨어 있습니다. 이유는 크게 두 가지입니다.
첫째 비싼 임대료 탓에 주차공간이 부족합니다. 일반 세탁소나 세탁편의점은 세탁물 하나당 요금을 받지만 무인빨래방은 세탁기와 건조기를 돌리는 횟수에 따라 요금을 매깁니다. 빨래를 최대한 모아놨다가 한 번에 왕창 돌리는 게 더 이익이죠. 그래서 미국인들은 마치 대형마트 가듯 세탁물을 차에 대량으로 싣고 가서 한 번에 빨래를 한다고 합니다. 미국은 워낙 땅이 넓고 창업할 만한 용지가 충분해서 세탁기가 50여 개 들어가는 대형 무인 빨래방도 있고 그 옆에 주차장도 있습니다. 하지만 한국은 주차장 용지 확보가 힘들죠.
둘째는 한국인의 급한 성격 탓입니다. 보통 코인빨래방에서 세탁과 건조를 마치려면 최소 1시간 이상 걸립니다. 세탁기를 돌려놓고 장을 보러간다든지 다른 일을 하려고 해도 중간에 건조기에 다시 넣어줘야 하기 때문에 좀 애매하죠. 그렇다고 매장에서 1시간 동안 넋놓고 기다리자니 지루하고요. 지루한 건 외국인도 마찬가지여서 해외엔 코인빨래방 한쪽에 커피전문점을 운영하는 곳도 많습니다. 우리나라도 요즘 코인빨래방과 커피전문점을 결합한 매장이 생겨나고는 있는데 이게 생각보다 쉽지 않습니다. 커피전문점 시장도 포화상태입니다. 조금만 걸어나가도 커피전문점이 줄지어 늘어서 있죠. 굳이 코인빨래방에서 커피를 마실 필요가 없다는 얘기입니다.
멀티숍은 이런 약점을 보완하기 위해 빨래대행 서비스를 운영합니다. 멀티숍 내 무인락카에 고객이 빨래를 맡겨놓고 가면 점주가 대신 세탁기와 건조기를 돌려주고 예쁘게 개서 포장까지 해주는 원스톱 서비스를 제공하는 거죠. 서비스가 활성화된 매장은 멀티숍 이용 고객의 30~40%가 대행 서비스를 이용한다고 하네요.
하지만 멀티숍 창업 시 주의할 점도 있습니다. 기존 빨래방보다 공간이 더 필요하기 때문에 창업비용도 더 비싸지는 점은 감안해야 합니다. 기존 세탁편의점은 8평 정도 매장에 3000만원 안팎의 소자본 창업이 가능했지만 멀티숍은 서울 기준 최소 1억~1억5000만원 정도 필요합니다. 세탁기·건조기 장비를 모두 구입해하는 데서 오는 부담도 있죠. 물론 그만큼 매출도 올라갈 테기는 하지만요. 창업비용 대비 투자수익률이 어떤지, 세탁 장비는 애프터서비스(AS)가 잘되는지 창업하기 전 꼼꼼히 따져봐야 합니다.
[나건웅 매경이코노미 기자]"
2018-07-03 안재광(ahnjk@hankyung.com);,새벽배송·HMR·식품관… 현대百의 食食한 도전,"정지선 ""새 사업모델 추진""

CJ대한통운과 손잡고
백화점 첫 새벽배송 시작
연말까지 품목 6000개로

지역 명물식품 명인명촌 대박
HMR 원테이블은 수출도
기존 매장 식품관 확장 나서


[ 안재광 기자 ] 현대백화점이 CJ대한통운과 손잡고 국내 백화점으로는 처음으로 새백배송 시장에 뛰어든다. 4일부터 온라인으로 주문받은 상품을 다음날 아침 7시 전에 배달해 주기로 했다. 업계에선 현대백화점이 프리미엄 식품 분야의 강점을 앞세워 신규 수요 창출에 나섰다는 평가가 나온다.

◆연내 6000여 개 품목으로 확대

정지선 현대백화점 회장(사진)은 지난달 창립 기념식에서 “기존 방식으로는 사업을 확대하기 어려운 상황에 처했다”며 “지금까지 해 온 것과는 다른, 새로운 수요를 창출할 수 있는 비즈니스 모델 시프트(이동)를 추진해야 한다”고 강조했다.

백화점산업이 성장 정체에 직면한 상황에서 주저하지 말고 새로운 시도에 나서라는 주문이었다. 이후 현대백화점이 내놓은 첫 사업이 새벽배송이다.

현대백화점의 새벽배송 서비스 ‘새벽식탁’은 식품 전문 온라인몰 ‘e슈퍼마켓’에서 판매 중인 상품이 대상이다. 현대백화점의 자체 전통식품 편집숍 ‘명인명촌’을 비롯 가정간편식(HMR) ‘원테이블’, 고급 한우 브랜드 ‘화식한우’, 청과 브랜드 ‘산들내음’ 등 100여 개 상품을 주문할 수 있다. 현대백화점 식품관에서 가장 많이 팔리는 신선식품, 가공식품, 즉석반찬, 주방용품 위주로 구성했다.

연말까지는 새벽배송이 가능한 품목이 6000여 개로 확대된다. 새벽배송을 받으려면 배송 희망일 전날 오후 4시까지 주문하면 된다. 배송 가능 지역은 서울 전역, 부천 일산 과천 수원 광명 구리 의정부 등 경기도, 인천 등이다. 5만원 이상 구매하면 무료로, 그 미만은 3500원의 배송료를 내야 한다. 일요일과 공휴일은 서비스가 이뤄지지 않는다.


◆식품 분야서 새로운 시도 잇달아

새벽배송은 작년부터 유통업계의 큰 주목을 받기 시작했다. 마켓컬리 등 스타트업(신생 벤처기업)이 새벽배송으로 큰 폭의 성장을 거둔 효과다. 특히 구매력이 높은 ‘강남 엄마’들의 이용이 늘자 대형마트와 슈퍼마켓 등이 잇따라 시장에 뛰어들었다.

하지만 백화점은 사정이 달랐다. 매출의 80~90%가 패션·잡화에서 나와 굳이 새벽배송을 할 이유가 없었다. 새벽배송 품목은 주로 HMR, 우유, 채소, 과일 등 신선식품이다. 이런 상황에서 현대백화점이 백화점으로는 처음으로 이 시장에 진출한 배경엔 식품 분야 경쟁력이 자리 잡고 있다.

현대백화점은 그동안 식품 분야에서 다른 백화점과 차별화를 추진해왔다. 2010년 시작한 ‘명인명촌’이 대표적이다. 전국 각 지역에서 전통 방식으로 만든 맛 좋고 건강에도 좋은 장류, 식초, 주류, 참기름, 반찬 등을 발굴해 명인명촌이란 브랜드를 붙여 판매했다. 명인명촌은 곧바로 현대백화점 식품관의 대표 매장이 됐다. 프랑스 독일 등 유럽 백화점에 임시 매장을 열기도 했다.

‘원테이블’도 백화점이 처음 내놓은 HMR 브랜드다. 작년 11월 출시된 이후 지금까지 30만 개 넘게 팔렸고, 지난달에는 홍콩에 수출하는 길도 열렸다. 가격을 조금 높게 받는 대신 신선한 식재료를 쓰고 유명 맛집 레시피를 가져온 게 성공 비결이었다.

현대백화점은 원테이블이 시장에 안착하자 지난 4월에는 재료와 양념을 넣고 끓이는 형태의 밀키트인 ‘셰프박스’도 선보였다. 셰프박스는 요리하는 재미와 편리함, 여기에 맛까지 더해 현대백화점의 ‘킬러 콘텐츠’가 됐다.

현대백화점은 매장 내 식품관 확장도 하고 있다. 지난 4월 경기 고양 킨텍스점 식품관을 기존 대비 2.5배로 확대하는 공사를 마쳤다. 작년에는 천호점 식품관에 세계 유명 맛집을 줄줄이 입점시키고, 고급화해 큰 폭의 매출 증가 효과를 봤다.

안재광 기자 ahnjk@hankyung.com"
2018-07-03 이한나,`주52시간` 집밥족 잡아라…새벽배송 전쟁,"주 52시간 근로 시대를 맞아 집밥족을 겨냥한 새벽배송 시장이 더욱 뜨거워지고 있다.
현대백화점은 온라인몰에서 주문받은 프리미엄 신선식품과 가정간편식 상품을 다음 날 아침 배달해 주는 새벽배송 서비스 '새벽식탁'을 4일 시작한다. 백화점 업계에서는 처음으로 새벽배송을 도입한 것이다.
현대백화점의 강점인 프리미엄 식품군을 앞세워 급성장하는 새벽배송 시장을 적극 공략하겠다는 계획이다.
스타트업 마켓컬리가 '샛별배송'을 시작해 회원 수 60만명을 돌파하며 시장성을 입증하자 대기업들도 잇따라 경쟁에 가세하는 모양새다. 지난해 6월 GS리테일이 온라인 쇼핑몰 GS프레시를 통해 진출하며 신선식품 새벽배송을 서울 전 지역으로 확대했고, 밀키트 '심플리쿡'으로 새벽배송을 확대하고 있다. 대형마트 중에서는 올 2월 롯데마트가 롯데프레시 서초센터를 중심으로 서울 강남과 용산, 송파 등 일부 지역에서 새벽배송을 시작한 데 이어 올 5월 이마트도 아침 배송 시간(오전 6~9시, 7~10시)을 추가해 시범 운영 중이다. 편의점 업계 1위 BGF는 SK플래닛의 '헬로네이처' 지분 50%+1주를 300억원에 인수하며 이 시장에 뛰어들었다. 향후 투자를 통해 시장 확대에 나설 것으로 보인다.
업계에서는 2015년 100억원에 불과했던 국내 새벽배송 시장 규모가 올해 4000억원에 이를 것으로 추산한다.
현대백화점 측은 ""1인 가구 증가와 간편함을 추구하는 소비 트렌드 변화에 맞춰 새벽배송 서비스를 도입하게 됐다""며 ""주 52시간 근무제 시행으로 집에서 가족과 식사를 즐기려는 수요가 늘면서 새벽배송 서비스를 이용하는 고객도 늘어날 것으로 본다""고 밝혔다.
현대백화점은 자사 식품 전문 온라인몰 'e슈퍼마켓'에서 '새벽식탁' 서비스를 시작해, 오후 4시 이전에 주문하면 다음 날 오전 7시까지 주문 상품을 배송해준다.
현대백화점의 토종 식품 브랜드 '명인명촌', 프리미엄 한우 브랜드 '화식한우', 청과 브랜드 '산들내음', 가정간편식 '원테이블' 등 현대백화점 식품관에서 판매하는 프리미엄 신선·가공식품을 고객 집에서 직접 받아 볼 수 있게 했다.
서비스 초기에는 신선식품·가공식품·즉석반찬·주방용품 등 100여 개 제품을 운영하고, 8월 이후 밀키트 '셰프박스' 등으로 확장해 연말까지 배송 가능 제품을 6000여 개로 늘릴 계획이다. 현대백화점은 목동점에서 배송이 가능한 서울 전 지역과 부천·일산·과천·수원·광명·구리·의정부 등 경기도(남양주·시흥 등 일부 지역 제외), 강화도·영종도·서구 일부 지역을 제외한 인천시에서 우선 배송 서비스를 시행하고 앞으로 백화점 입지를 중심으로 주요 대도시로 배송 지역을 넓혀 갈 계획이다.
e슈퍼마켓에서 5만원 이상 구매 시 무료로 배송되고, 5만원 미만이면 배송료 3500원을 내야 한다. 서비스는 월요일부터 토요일(일요일·공휴일 제외)까지 배송받을 수 있다.
현대백화점은 또 e슈퍼마켓에 있는 1만여 개 상품 중에서 주문일로부터 1년 이내로 지정한 날짜에 정기적으로 보내주는 '스마트 정기배송 서비스'도 선보인다. 현대백화점 관계자는 ""백화점 식품관에서 판매하는 프리미엄 신선식품을 앞세워 치열해지고 있는 새벽배송 시장을 선도해 나갈 것""이라며 ""향후 배송 가능 지역, 품목 수를 확대해 나갈 계획""이라고 말했다.
[이한나 기자]"
2018-07-02 권명관,"[먹거리+IT] 비욘드푸드랩 정선영 대표, ""국내 음식 경험을, 한류 콘텐츠로""","지난 2017년 3월 2일, 농식품부가 발표한 자료에 따르면, 국내 농업 시장 규모는 2014년 4조 7,000억 원, 2015년 5조 1,000억 원, 2016년 5조 7,000억 원으로 매년 증가하고 있다. 특히, 전세계적으로 인구 증가와 함께 '식량'에 대한 수요가 꾸준히 늘어나면서 사양 산업으로 여겨졌던 농수축산업에 대한 관심은 지속적으로 높아지는 단계. 이러한 관심을 토대로 품질 개선, 생산성 향상 등 농수축산업에 다양한 ICT 기술을 융합하는 시도도 꾸준히 증가했다. 더불어 농수축산업이 1차 산업이 아닌 제조와 서비스를 결합한 6차 산업으로 발전해야 한다는 목소리도 크다.

서울시는 이러한 시대의 흐름에 맞춰 가락시장 현대화 시설인 가락몰 1관과 2관 3층(약 500평)에 농식품(Food•Agri Tech)분야에 특화한 '서울 먹거리 창업센터'를 개설했다. 서울 먹거리 창업센터 설립 목적은 농식품 관련 기업의 새로운 아이디어와 상품 개발을 도와 농업 생산물을 고부가가치 상품으로 발전시킬 수 있도록 식품가공기술, 인허가, 특허, 디자인, 홍보 마케팅을 지원하는데 있다.

서울 먹거리 창업센터는 지난 2016년 10월 1차 심사를 통해 22개 업체로 본격적인 문을 열었으며, 작년 1월 2차 입주 심사, 6월 3차 입주 심사를 진행했다. 또한, 작년 12월 7일 창립 1주년을 맞아 4차 입주 심사를 진행하며, 누적 매출액 85억 원, 고용창출 60명 등 지난 1년간의 성과도 발표한 바 있다.

서울 먹거리 창업센터는 입주 기업에게 사무공간(개방형, 개별)과 시제품을 제작할 수 있는 '오픈키친', 입주기업 간 네트워킹 공간 등을 무료로 제공하며, '창업 교육', '멘토링', '컨설팅', '투자연계' 등 다양한 창업지원 서비스도 지원 중이다. 2018년 상반기 기준, 서울 먹거리 창업센터에는 유통 1개, O2O 11개, 제조 23개, 융복합 1개, R&D 5개, 사회적기업 1개, 서비스 1개 등 총 43개 기업이 입주 중이다.


이에 IT동아는 우리네 먹거리와 IT 기술을 융합해 새로운 꿈을 꾸고 있는 서울 먹거리 창업센터 입주 기업들을 만나 현장의 생생함을 담은 그들의 목소리를 듣고, 실제 겪고 있는 어려움 등을 전하고자 한다. 이번 인터뷰는 '음식'은 단순히 먹는 것이 아니라, 그 안에 담긴 문화를 전달할 수 있는 훌륭한 콘텐츠라 생각하는 '비욘드푸드랩'의 정선영 대표를 만나 이야기를 들었다.

한식의 세계화를 '음식 경험'에서 찾는 비욘드푸드랩
IT동아: 만나서 반갑다. 먼저 비욘드푸드랩에 대해서 소개를 부탁한다.

정선영 대표(이하 정 대표): '음식은 우리의 공감대이며 세계적인 공감대이다(Food is our common ground, a universal experience)'라는 말이 있다. 음식을 단순히 '먹는 것'이 아니라 우리나라 각 지역의 문화를 체험할 수 있는 '콘텐츠'라고 생각한다. 그리고 국내뿐만 아니라 해외에서도 충분히 통할 수 있을 것이라고 생각했다. 이에 외국인들이 한국 음식을 '체험'하고, 다른 사람과 공유할 수 있는 상품을 만들고자 생각했다.

국내 좋은 먹거리를 선별하고, 상품화한 뒤에, 플랫폼을 통해 소개하고자 한다. 한식의 세계화다(웃음). 이러한 전략은 우리나라의 추진 전략 중 하나였지만, 정작 외국인 입장에서 느끼는 것은 약했다고 생각한다. 몇몇 한식 프랜차이즈가 해외에 소개되고, 실제 우리 음식을 즐기는 외국인들도 있지만, 대부분 기업에 의존하는 한정적인 상품에 그쳤다. 특히, 대기업이 만드는 음식 상품들은 다수를 위한 것이라, 한계가 있다.

그래서 준비한 것이 비욘드푸드랩이다. 품질 좋은 국내 식재료를 선별해서, 외국인들이 직접 음식을 조리하고, 각 재료에 대해 체험하며, 국내 문화를 느낄 수 있도록 제공하고자 한다.


IT동아: 한마디로 국내 좋은 재료의 '상품'과 각 상품을 연결해 문화를 제공할 '플랫폼'이 필요한 셈이다.

정 대표: 어떻게 하면 상품을 외국인에게 제공할 수 있을까 고민했고, 결과적으로 한식 본연의 맛을 담을 수 있는 '밀키트' 제작에 집중했다. 비욘드푸드랩의 밀키트는 한국 음식 조리에 필요한 한 끼 분량의 필수 식재료와 레시피다. 여기에 신선재료만 준비하면 해외 어디서라도 한식 본연의 맛을 구현할 수 있도록 만들었다.

대표적인 국내 음식 불고기를 예로 들어보자. 비욘드푸드랩 불고기 키트에는 고기가 없다. 양념장과 표고버섯, 참기름, 대파, 통깨 등과 불고기를 만들 수 있는 레시피가 들어 있다. 불고기 필수 재료 중 하나인 고기는 현지에서 직접 구매해 사용하는 방식이다. 레시피는 영어, 중국어, 일어 등으로 제공한다. 즉, 한국을 방문한 외국인이 상온 유통할 수 있는 불고기 밀키트를 구매해 고국으로 돌아간 뒤, 현지에서 고기만 사면 불고기를 요리할 수 있는 것이다.

이렇게 상온에서 유통할 수 있는 신선 재료용 밀키트를 제작했다. 불고기, 잡채, 황태 해장국, 비빔막국수 등이다. 해외에서 구하기 어려운 재료를 담은 밀키트인 셈이다. 한식의 세계화라는 것에 '만들면서 즐기는', '문화'도 전달할 수 있다고 생각했다.


전국 곳곳에 숨어 있는 좋은 식재료
IT동아: 언제부터 비욘드푸드랩을 준비한 것인지.

정 대표: 작년 6월 창업해 이제 딱 1년째다. 삼성 웰스토리에서 퇴사한 뒤에 아이디어 단계로 이곳 서울 먹거리 창업센터에 들어왔고, 밀키트 샘플 제작을 완료한 상태다.

IT동아: 대기업에서 퇴사한 뒤에 창업한 것인데, 궁금하다. 대체 왜 창업을 선택한 것인지.

정 대표: CJ홈쇼핑, 삼성 에버랜드, 삼성 웰스토리 등 대기업에서 약 15년 동안 MD로 일했었다. 삼성 에버랜드에서 일할 당시 식품, 주방, 생활, 가구침구, 삼성전자 등 상품 MD 파트에서 일하며, 임직원 쇼핑 런칭과 쇼핑몰 리뉴얼 프로젝트 MD파트를 총괄했었다. 삼성 웰스토리로 옮긴 뒤에는 쇼핑몰 MD 파트장, 쇼핑몰 운영기획, 프리미엄 식품 전문몰 'Su:table' 런칭을 기획하고 PM으로 일하기도 했다.

상품 선정, 사업 기획부터 플랫폼 개발에 대한 프로젝트까지 담당하면서 정말 다양한 일을 했다고 생각한다. 힘들었지만, 재미있게 여러 일을 담당하며 배웠던 기간이다. 당시 식품 전문몰을 열심히 준비했는데, 사업상 폐쇄적으로 운영해 크게 확장하지 못했다. 이에 정말 내가 해보고 싶은 것을 해보자라는 생각으로 창업을 선택했다.

이전에도 나만의 아이디어로 '뭔가를 해보겠다'라는 생각이 많았다. 해외 여행을 나가 쇼핑을 할 때도, 현지 마트나 시장 등을 다니며 새로운 식재료를 찾는데 주력했었다. 현지 글씨도 잘 모르면서 온갖 향신료와 소스는 보이는 족족 사왔다(웃음). 그리고 생각했다. '우리나라에는 대체 왜 이렇게 다양한 향신료와 소스가 없을까?'라고. '우리나라에도 세계에 부럽지 않은 소스와 재료가 많은데…'라는 생각으로 비욘드푸드랩을 준비한 셈이다.


IT동아: 이제 창업 1년째…, 설마 지금까지 혼자서 이끌어 온 것인지.

정 대표: 아니다. 마침 일을 쉬고 있는 친언니가 함께 하고 있다. 아니, 끌어 들인 셈이다(웃음). 언니는 외국계 건축 업체에서 해외 사업 경험이 많아 레시피를 외국어로 소개하는데 많은 도움을 받고 있다. 그리고 워낙 요리하는 것을 좋아해 상품 개발에도 참여 중이다. 사실 중요한 부분을 담당하고 있는 셈이다. 직원은 언니와 디자이너를 포함해 총 3명이다.

IT동아: 이야기를 나누다 보니, 여전히 투자 단계인 것 같다.

정 대표: 맞다. 지난 15년간 일하며 모았던 돈을 아껴가면서 운영 중이다(웃음). 다만, 그렇다고 매출 자체가 없지는 않다. 과거의 경험을 바탕으로 '강원도 산나물 세트', '대보름 달맞이 세트', '황태채&들기름 세트' 등을 B2B 형태로 판매했다. 생산자의 철학과 정성을 담은 건강하고 훌륭한 식재료를 엄선하고, 각 재료의 이야기와 맛있게 즐길 수 있는 법을 함께 제공하는 프리미엄 선물 세트다. 최근에는 반건조시킨 전복을 포장해 전복죽을 바로 조리할 수 있는 세트도 개발했다. 전복을 직접 손질할 필요 없이 건강한 전복죽을 체험할 수 있다.

IT동아: 비욘드푸드랩 밀키트의 가격이 궁금하다.

정 대표: 시제품 단계라 현재 가격은 다소 비싼 편이다. 불고기 키트는 5,900원, 잡채 키트는 6,900원이다. 가격을 낮추기 위해 계속 고민 중으로, 어느 정도 방법을 찾은 상태다. 다만, 가격을 낮추기 위해 좋은 식재료를 포기하는 일은 절대 없을 것이다. 가령 황태해장국 키트 재료 중 하나인 황태를, 중국에서 만들어오면 가격을 쉽게 낮출 수 있다. 정말 싸다.


하지만, 우리는 강원도 인제 용대리에 위치한 용대황태영농조합은 국내 황태 생산지 중 가장 크다. 생산하는 황태 품질도 좋은 것으로 유명하다. 잡채 키트에 들어가는 당면도 국내산 100% 고구마 전분을 사용하고… 좋은 식재료를 소개하겠다는 처음 목표는 꼭 지킬 생각이다.

한국의 좋은 식재료와 각 식재료에 얽힌 스토리를 함께 제공해, 만드는 즐거움을 공유하고, 다른 사람과 한국의 문화를 공유할 수 있도록 노력하겠다.

한식에 담긴 문화를 전달하고 싶습니다
IT동아: 그 점도 궁금하다. 좋은 식재료는 보는 것으로 확실히 알 수 있다. 하지만, 음식의 문화, 경험을 어떻게 전달한다는 뜻인지.

정 대표: 상품을 개발하면서 식재료를 해외로 직접 배송하는 역직구몰을 개발하는 정부지원사업을 진행하고 있다. '2018 예비관광벤처사업'으로 선정되었는데, 이를 활용해 해외직판 형태의 플랫폼을 개발하고 있다.

먼저 오프라인 유통 경로부터 혹대하고 난 뒤에 내년부터 쇼핑 플랫폼으로 확장할 계획이다. 그리고 앱, 웹 형태로 한단계씩 넓힐 계획이다. 숨겨진 한국의 맛을 해외에서도 쉽게 찾을 수 있도록 연결하는 것부터 시작할 예정이다.

IT동아: 밀키트 제작하는 과정도 만만치 않았을텐데.

정 대표: 하나하나 열거하면, 밤새도록 말할 수 있을 것 같다(웃음). 좋은 식재료를 찾는 것부터 시작해 식재료를 포장하는 방법 등은 그나마 낫다. 소스를 제조하는 단계에서 우여곡절이 많았다. 일례로 지난 2월 한 소스 제조 업체와 협력해 프로젝트를 추진했지만, 협업하는 과정에서 결과물 완성이 계속 미뤄졌다. 2개월 정도를 그냥 보냈다. 이에 서울 먹거리 창업센터 멘토링을 통해 업체와 다시 소스를 개발했다. 약 4번의 테스트를 거쳤고, 이제 조금씩 만족하는 '맛'이 나오고 있는 단계다.

여기 센터장님도 맛에 대해서 많은 도움을 주시고, 다양한 정보도 제공해 주신다. 특히, 1관에서 오픈 오피스 형태로 꾸며진 2관으로 옮기고 난 뒤에는 이곳에서 여러 네트워크가 이뤄지고 있다. 많은 조언과 협력에 이 자리를 빌어 감사를 표하고 싶다.


IT동아: 이제 남은 단계는 무엇인지.

정 대표: 사람이 많이 부족하다. 마케팅, 홍보와 필요한 인력과 상품을 관리할 수 있는 인력 2명 정도를 채용할 생각이다. 품목당 제작한 500~1,000개의 시제품으로 동남아 시장에서 테스트를 진행하기 위한 준비도 진행 중이다. 상품성에 대한 시장의 평가를 그대로 듣는 것이 목표다.

그리고 현장의 맛을 밀키트에 온전히 담기 위한 방법도 여전히 고민 중이다. 황태해장국 키트를 제작하며, 강원도의 전통 방식을 그대로 활용해 제작했지만, 정말 식당에서 먹었던 맛을 그대로 담는 것에 한계가 있었다. 작년에 많이 좌절했던 부분이기도 하고. 직접 생마늘을 갈고, 생대파를 갈아서 끊이는 것과 밀키트에 건조 처리해 담은 재료로 끊이는 황태해장국이 어떻게 똑같을 수 있겠는가. 최대한 현장의 맛을 구현하기 위한 방법을 찾는 것도 여전히 우리에게 남은 과제다.

이제 1년이 지났다. 그동안 유명 국내 음식 트렌드도 바뀌었다. '과연 이게 통할 수 있을까?'라는 우려도 많았다. 목표는 확실하다. 하지만 변하지 않은 것이 있다. 우리의 맛을 소개하고자 하는 목표와 상품에 대한 자신감이다. 앞으로도 비욘드푸드랩에 그리고 우리의 맛을 담은 밀키트에 많은 관심을 부탁한다.

동아닷컴 IT전문 권명관 기자 tornadosn@donga.com"
